-- Inserções nas tabelas do banco de dados Mercado_TI

-- Inserções na tabela Empresa
INSERT INTO Empresa (nome_empresa, setor, porte) VALUES
('CyberDynamics', 'TI', 'Médio'),
('InfoByte', 'TI', 'Pequeno'),
('NextWave', 'TI', 'Grande'),
('SoftLabs', 'TI', 'Médio'),
('DataLink', 'TI', 'Pequeno'),
('TechFusion', 'TI', 'Grande'),
('QuantumCode', 'TI', 'Médio'),
('BlueSphere', 'TI', 'Pequeno'),
('CloudBridge', 'TI', 'Grande'),
('InnovaMind', 'TI', 'Médio'),
('AlphaLabs', 'TI', 'Pequeno'),
('SkySoft', 'TI', 'Grande'),
('PixelBridge', 'TI', 'Médio'),
('SoftCore', 'TI', 'Pequeno'),
('NeoData', 'TI', 'Grande'),
('CodeSphere', 'TI', 'Médio'),
('TechNovaPro', 'TI', 'Pequeno'),
('DataMind', 'TI', 'Grande'),
('CloudWorks', 'TI', 'Médio'),
('InnovaCode', 'TI', 'Pequeno'),
('AlphaSoft', 'TI', 'Grande'),
('CyberBridge', 'TI', 'Médio'),
('SoftWave', 'TI', 'Pequeno'),
('NextTech', 'TI', 'Grande'),
('InfoSphere', 'TI', 'Médio'),
('TechByte', 'TI', 'Pequeno'),
('PixelNova', 'TI', 'Grande'),
('DataSphere', 'TI', 'Médio'),
('NeoCore', 'TI', 'Pequeno'),
('CodeNova', 'TI', 'Grande'),
('CloudMind', 'TI', 'Médio'),
('InnovaWave', 'TI', 'Pequeno'),
('SkyCore', 'TI', 'Grande'),
('SoftMind', 'TI', 'Médio'),
('TechBridgePro', 'TI', 'Pequeno'),
('AlphaWave', 'TI', 'Grande'),
('DataLabs', 'TI', 'Médio'),
('BlueCore', 'TI', 'Pequeno'),
('NextBridge', 'TI', 'Grande'),
('CyberNova', 'TI', 'Médio'),
('SoftDynamics', 'TI', 'Pequeno'),
('PixelLabs', 'TI', 'Grande'),
('CloudByte', 'TI', 'Médio'),
('InnovaSphere', 'TI', 'Pequeno'),
('NeoWave', 'TI', 'Grande'),
('TechLabs', 'TI', 'Médio'),
('DataBridge', 'TI', 'Pequeno'),
('SkyNova', 'TI', 'Grande'),
('AlphaMind', 'TI', 'Médio'),
('CodeBridge', 'TI', 'Pequeno');

-- Inserções na tabela Função
INSERT INTO Funcao (nome_funcao) VALUES
('Analista de Dados'),
('Cientista de Dados'),
('Engenheiro de Dados'),
('Desenvolvedor Backend'),
('Desenvolvedor Frontend'),
('Desenvolvedor Full Stack'),
('Engenheiro de Software'),
('Administrador de Banco de Dados'),
('DevOps'),
('UX/UI Designer');

-- Inserções na tabela Habilidade
INSERT INTO Habilidade (nome_habilidade) VALUES
('Python'),
('Java'),
('HTML, CSS e JavaScript'),
('Visual Studio Code'),
('Jupyter Notebook'),
('Anaconda'),
('Eclipse'),
('NetBeans'),
('Git'),
('GitHub'),
('AWS'),
('Azure'),
('Google Cloud Platform'),
('SQL'),
('Excel'),
('Tableau'),
('Power BI'),
('Figma'),
('Photoshop');

-- Inserções na tabela Localização
INSERT INTO Localizacao (cidade, estado, pais) VALUES
('Campinas', 'SP', 'Brasil'),
('São José dos Campos', 'SP', 'Brasil'),
('Santos', 'SP', 'Brasil'),
('Sorocaba', 'SP', 'Brasil'),
('Ribeirão Preto', 'SP', 'Brasil'),
('São Bernardo do Campo', 'SP', 'Brasil'),
('São Caetano do Sul', 'SP', 'Brasil'),
('Barueri', 'SP', 'Brasil'),
('Jundiaí', 'SP', 'Brasil'),
('Osasco', 'SP', 'Brasil'),
('Bauru', 'SP', 'Brasil'),
('Piracicaba', 'SP', 'Brasil'),
('Niterói', 'RJ', 'Brasil'),
('Duque de Caxias', 'RJ', 'Brasil'),
('Volta Redonda', 'RJ', 'Brasil'),
('Belo Horizonte', 'MG', 'Brasil'),
('Contagem', 'MG', 'Brasil'),
('Uberlândia', 'MG', 'Brasil'),
('Betim', 'MG', 'Brasil'),
('Ribeirão das Neves', 'MG', 'Brasil'),
('Sete Lagoas', 'MG', 'Brasil'),
('Cachoeiro de Itapemirim', 'ES', 'Brasil'),
('Vila Velha', 'ES', 'Brasil'),
('Serra', 'ES', 'Brasil'),
('Cariacica', 'ES', 'Brasil');

-- Inserções na tabela Níveis de experiência
INSERT INTO Niveis (nome_nivel) VALUES
('Avançado'),
('Intermediário'),
('Básico');

-- Inserções na tabela Modalidade
INSERT INTO Modalidade(nome_modalidade) VALUES
('Presencial'),
('Remoto');

-- Injersões na tabela Vaga
INSERT INTO Vaga (titulo_vaga, id_empresa, id_funcao, id_localizacao, id_modalidade, nivel_experiencia, tipo_contrato, salario, data_postagem) VALUES
('Analista de Dados Jr', 1, 1, 1, 1, 'Básico', 'CLT', 3500.00, '2025-09-01'),
('Cientista de Dados Pl', 2, 2, 2, 2, 'Intermediário', 'CLT', 7000.00, '2025-09-02'),
('Engenheiro de Dados Sr', 3, 3, 3, 1, 'Avançado', 'CLT', 12000.00, '2025-09-03'),
('Desenvolvedor Backend Jr', 4, 4, 4, 2, 'Básico', 'CLT', 4000.00, '2025-09-04'),
('Desenvolvedor Frontend Pl', 5, 5, 5, 1, 'Intermediário', 'CLT', 6000.00, '2025-09-05'),
('Desenvolvedor Full Stack Sr', 6, 6, 6, 2, 'Avançado', 'CLT', 11000.00, '2025-09-06'),
('Engenheiro de Software Pl', 7, 7, 7, 1, 'Intermediário', 'CLT', 8000.00, '2025-09-07'),
('Administrador de Banco de Dados Sr', 8, 8, 8, 2, 'Avançado', 'CLT', 10000.00, '2025-09-08'),
('DevOps Pl', 9, 9, 9, 1, 'Intermediário', 'CLT', 9000.00, '2025-09-09'),
('UX/UI Designer Jr', 10, 10, 10, 2, 'Básico', 'CLT', 4500.00, '2025-09-10'),
('Analista de Dados Pl', 11, 1, 11, 1, 'Intermediário', 'CLT', 6500.00, '2025-09-11'),
('Cientista de Dados Sr', 12, 2, 12, 2, 'Avançado', 'CLT', 12000.00, '2025-09-12'),
('Engenheiro de Dados Pl', 13, 3, 13, 1, 'Intermediário', 'CLT', 8000.00, '2025-09-13'),
('Desenvolvedor Backend Sr', 14, 4, 14, 2, 'Avançado', 'CLT', 10000.00, '2025-09-14'),
('Desenvolvedor Frontend Jr', 15, 5, 15, 1, 'Básico', 'CLT', 4000.00, '2025-09-15'),
('Desenvolvedor Full Stack Pl', 16, 6, 16, 2, 'Intermediário', 'CLT', 7500.00, '2025-09-16'),
('Engenheiro de Software Sr', 17, 7, 17, 1, 'Avançado', 'CLT', 12000.00, '2025-09-17'),
('Administrador de Banco de Dados Pl', 18, 8, 18, 2, 'Intermediário', 'CLT', 8500.00, '2025-09-18'),
('DevOps Sr', 19, 9, 19, 1, 'Avançado', 'CLT', 11000.00, '2025-09-19'),
('UX/UI Designer Pl', 20, 10, 20, 2, 'Intermediário', 'CLT', 7000.00, '2025-09-20'),
('Analista de Dados Jr', 21, 1, 21, 1, 'Básico', 'CLT', 3500.00, '2025-09-21'),
('Cientista de Dados Pl', 22, 2, 22, 2, 'Intermediário', 'CLT', 7000.00, '2025-09-22'),
('Engenheiro de Dados Sr', 23, 3, 23, 1, 'Avançado', 'CLT', 12000.00, '2025-09-23'),
('Desenvolvedor Backend Jr', 24, 4, 24, 2, 'Básico', 'CLT', 4000.00, '2025-09-24'),
('Desenvolvedor Frontend Pl', 25, 5, 1, 1, 'Intermediário', 'CLT', 6000.00, '2025-09-25'),
('Desenvolvedor Full Stack Sr', 26, 6, 2, 2, 'Avançado', 'CLT', 11000.00, '2025-09-26'),
('Engenheiro de Software Pl', 27, 7, 3, 1, 'Intermediário', 'CLT', 8000.00, '2025-09-27'),
('Administrador de Banco de Dados Sr', 28, 8, 4, 2, 'Avançado', 'CLT', 10000.00, '2025-09-28'),
('DevOps Pl', 29, 9, 5, 1, 'Intermediário', 'CLT', 9000.00, '2025-09-29'),
('UX/UI Designer Jr', 30, 10, 6, 2, 'Básico', 'CLT', 4500.00, '2025-09-30'),
('Analista de Dados Pl', 31, 1, 7, 1, 'Intermediário', 'CLT', 6500.00, '2025-10-01'),
('Cientista de Dados Sr', 32, 2, 8, 2, 'Avançado', 'CLT', 12000.00, '2025-10-02'),
('Engenheiro de Dados Pl', 33, 3, 9, 1, 'Intermediário', 'CLT', 8000.00, '2025-10-03'),
('Desenvolvedor Backend Sr', 34, 4, 10, 2, 'Avançado', 'CLT', 10000.00, '2025-10-04'),
('Desenvolvedor Frontend Jr', 35, 5, 11, 1, 'Básico', 'CLT', 4000.00, '2025-10-05'),
('Desenvolvedor Full Stack Pl', 36, 6, 12, 2, 'Intermediário', 'CLT', 7500.00, '2025-10-06'),
('Engenheiro de Software Sr', 37, 7, 13, 1, 'Avançado', 'CLT', 12000.00, '2025-10-07'),
('Administrador de Banco de Dados Pl', 38, 8, 14, 2, 'Intermediário', 'CLT', 8500.00, '2025-10-08'),
('DevOps Sr', 39, 9, 15, 1, 'Avançado', 'CLT', 11000.00, '2025-10-09'),
('UX/UI Designer Pl', 40, 10, 16, 2, 'Intermediário', 'CLT', 7000.00, '2025-10-10'),
('Analista de Dados Jr', 41, 1, 17, 1, 'Básico', 'CLT', 3500.00, '2025-10-11'),
('Cientista de Dados Pl', 42, 2, 18, 2, 'Intermediário', 'CLT', 7000.00, '2025-10-12'),
('Engenheiro de Dados Sr', 43, 3, 19, 1, 'Avançado', 'CLT', 12000.00, '2025-10-13'),
('Desenvolvedor Backend Jr', 44, 4, 20, 2, 'Básico', 'CLT', 4000.00, '2025-10-14'),
('Desenvolvedor Frontend Pl', 45, 5, 21, 1, 'Intermediário', 'CLT', 6000.00, '2025-10-15'),
('Desenvolvedor Full Stack Sr', 46, 6, 22, 2, 'Avançado', 'CLT', 11000.00, '2025-10-16'),
('Engenheiro de Software Pl', 47, 7, 23, 1, 'Intermediário', 'CLT', 8000.00, '2025-10-17'),
('Administrador de Banco de Dados Sr', 48, 8, 24, 2, 'Avançado', 'CLT', 10000.00, '2025-10-18'),
('DevOps Pl', 49, 9, 25, 1, 'Intermediário', 'CLT', 9000.00, '2025-10-19'),
('UX/UI Designer Jr', 50, 10, 1, 2, 'Básico', 'CLT', 4500.00, '2025-10-20'),
('Analista de Dados Pl', 1, 1, 2, 1, 'Intermediário', 'CLT', 6500.00, '2025-10-21'),
('Cientista de Dados Sr', 2, 2, 3, 2, 'Avançado', 'CLT', 12000.00, '2025-10-22'),
('Engenheiro de Dados Pl', 3, 3, 4, 1, 'Intermediário', 'CLT', 8000.00, '2025-10-23'),
('Desenvolvedor Backend Sr', 4, 4, 5, 2, 'Avançado', 'CLT', 10000.00, '2025-10-24'),
('Desenvolvedor Frontend Jr', 5, 5, 6, 1, 'Básico', 'CLT', 4000.00, '2025-10-25'),
('Desenvolvedor Full Stack Pl', 6, 6, 7, 2, 'Intermediário', 'CLT', 7500.00, '2025-10-26'),
('Engenheiro de Software Sr', 7, 7, 8, 1, 'Avançado', 'CLT', 12000.00, '2025-10-15'),
('Analista de Dados Jr', 3, 1, 5, 1, 'Básico', 'CLT', 3600.00, '2025-10-21'),
('Cientista de Dados Pl', 7, 2, 8, 2, 'Intermediário', 'PJ', 7500.00, '2025-10-22'),
('Engenheiro de Dados Sr', 12, 3, 12, 1, 'Avançado', 'CLT', 12500.00, '2025-10-23'),
('Desenvolvedor Backend Pl', 8, 4, 6, 2, 'Intermediário', 'PJ', 6800.00, '2025-10-24'),
('Desenvolvedor Frontend Jr', 15, 5, 10, 1, 'Básico', 'Estágio', 3500.00, '2025-10-25'),
('Desenvolvedor Full Stack Pl', 20, 6, 14, 2, 'Intermediário', 'CLT', 7800.00, '2025-10-26'),
('Engenheiro de Software Sr', 5, 7, 3, 1, 'Avançado', 'PJ', 11500.00, '2025-10-27'),
('Administrador de Banco de Dados Pl', 11, 8, 9, 2, 'Intermediário', 'CLT', 8800.00, '2025-10-28'),
('DevOps Jr', 13, 9, 7, 1, 'Básico', 'CLT', 4200.00, '2025-10-29'),
('UX/UI Designer Pl', 2, 10, 1, 2, 'Intermediário', 'PJ', 7000.00, '2025-10-30'),
('Analista de Dados Pl', 18, 1, 16, 1, 'Intermediário', 'CLT', 6700.00, '2025-10-31'),
('Cientista de Dados Sr', 4, 2, 19, 2, 'Avançado', 'PJ', 12300.00, '2025-11-01'),
('Engenheiro de Dados Pl', 6, 3, 11, 1, 'Intermediário', 'CLT', 8100.00, '2025-11-02'),
('Desenvolvedor Backend Sr', 9, 4, 15, 2, 'Avançado', 'CLT', 10200.00, '2025-11-03'),
('Desenvolvedor Frontend Jr', 1, 5, 13, 1, 'Básico', 'Estágio', 3600.00, '2025-11-04'),
('Desenvolvedor Full Stack Pl', 14, 6, 18, 2, 'Intermediário', 'PJ', 7700.00, '2025-11-05'),
('Engenheiro de Software Sr', 17, 7, 20, 1, 'Avançado', 'CLT', 11800.00, '2025-11-06'),
('Administrador de Banco de Dados Pl', 19, 8, 4, 2, 'Intermediário', 'PJ', 9000.00, '2025-11-07'),
('DevOps Sr', 16, 9, 2, 1, 'Avançado', 'CLT', 11000.00, '2025-11-08'),
('UX/UI Designer Jr', 10, 10, 5, 2, 'Básico', 'Estágio', 4300.00, '2025-11-09');

-- Inserções na tabela Vaga_Habilidade
INSERT INTO Vaga_Habilidade (id_vaga, id_habilidade, id_nivel) VALUES
(1, 1, 3), (1, 14, 3),
(2, 1, 2), (2, 14, 2), (2, 16, 2),
(3, 1, 1), (3, 14, 1), (3, 11, 1),
(4, 2, 3), (4, 3, 3),
(5, 3, 2), (5, 15, 2),
(6, 1, 1), (6, 2, 1), (6, 11, 1),
(7, 1, 2), (7, 12, 2),
(8, 14, 1), (8, 11, 1),
(9, 1, 2), (9, 12, 2),
(10, 3, 3), (10, 17, 3),
(11, 1, 2), (11, 14, 2),
(12, 1, 1), (12, 11, 1), (12, 2, 1),
(13, 1, 2), (13, 2, 2),
(14, 2, 1), (14, 3, 1),
(15, 3, 3), (15, 14, 3),
(16, 1, 2), (16, 2, 2), (16, 12, 2),
(17, 1, 1), (17, 14, 1),
(18, 14, 2), (18, 11, 2),
(19, 1, 1), (19, 2, 1),
(20, 3, 2), (20, 17, 2),
(21, 1, 3), (21, 14, 3),
(22, 1, 2), (22, 14, 2), (22, 16, 2),
(23, 1, 1), (23, 14, 1), (23, 11, 1),
(24, 2, 3), (24, 3, 3),
(25, 3, 2), (25, 15, 2),
(26, 1, 1), (26, 2, 1), (26, 11, 1),
(27, 1, 2), (27, 12, 2),
(28, 14, 1), (28, 11, 1),
(29, 1, 2), (29, 12, 2),
(30, 3, 3), (30, 17, 3),
(31, 1, 2), (31, 14, 2),
(32, 1, 1), (32, 11, 1), (32, 2, 1),
(33, 1, 2), (33, 2, 2),
(34, 2, 1), (34, 3, 1),
(35, 3, 3), (35, 14, 3),
(36, 1, 2), (36, 2, 2), (36, 12, 2),
(37, 1, 1), (37, 14, 1),
(38, 14, 2), (38, 11, 2),
(39, 1, 1), (39, 2, 1),
(40, 3, 2), (40, 17, 2),
(41, 1, 3), (41, 14, 3),
(42, 1, 2), (42, 14, 2), (42, 16, 2),
(43, 1, 1), (43, 14, 1), (43, 11, 1),
(44, 2, 3), (44, 3, 3),
(45, 3, 2), (45, 15, 2),
(46, 1, 1), (46, 2, 1), (46, 11, 1),
(47, 1, 2), (47, 12, 2),
(48, 14, 1), (48, 11, 1),
(49, 1, 2), (49, 12, 2),
(50, 3, 3), (50, 17, 3),
(51, 1, 2), (51, 14, 2),
(52, 1, 1), (52, 11, 1), (52, 2, 1),
(53, 1, 2), (53, 2, 2),
(54, 2, 1), (54, 3, 1),
(55, 3, 3), (55, 14, 3),
(56, 1, 2), (56, 2, 2), (56, 12, 2),
(57, 1, 1), (57, 14, 1),
(58, 14, 2), (58, 11, 2),
(59, 1, 1), (59, 2, 1),
(60, 3, 2), (60, 17, 2),
(61, 1, 3), (61, 14, 3),
(62, 1, 2), (62, 14, 2), (62, 16, 2),
(63, 1, 1), (63, 14, 1), (63, 11, 1),
(64, 2, 3), (64, 3, 3),
(65, 3, 2), (65, 15, 2),
(66, 1, 1), (66, 2, 1), (66, 11, 1),
(67, 1, 2), (67, 12, 2),
(68, 14, 1), (68, 11, 1),
(69, 1, 2), (69, 12, 2),
(70, 3, 3), (70, 17, 3),
(71, 1, 2), (71, 14, 2),
(72, 1, 1), (72, 11, 1), (72, 2, 1),
(73, 1, 2), (73, 2, 2),
(74, 2, 1), (74, 3, 1),
(75, 3, 3), (75, 14, 3),
(76, 1, 2), (76, 2, 2), (76, 12, 2),
(77, 1, 1), (77, 14, 1);