-- Inserções nas tabelas do banco de dados Mercado_TI

-- Inserções na tabela Empresa
INSERT INTO Empresa (nome_empresa, setor, porte) VALUES
('CyberDynamics', 'TI', 'Médio'),
('InfoByte', 'TI', 'Pequeno'),
('NextWave', 'TI', 'Grande'),
('SoftLabs', 'TI', 'Médio'),
('DataLink', 'TI', 'Pequeno'),
('TechFusion', 'TI', 'Grande'),
('QuantumCode', 'TI', 'Médio'),
('BlueSphere', 'TI', 'Pequeno'),
('CloudBridge', 'TI', 'Grande'),
('InnovaMind', 'TI', 'Médio'),
('AlphaLabs', 'TI', 'Pequeno'),
('SkySoft', 'TI', 'Grande'),
('PixelBridge', 'TI', 'Médio'),
('SoftCore', 'TI', 'Pequeno'),
('NeoData', 'TI', 'Grande'),
('CodeSphere', 'TI', 'Médio'),
('TechNovaPro', 'TI', 'Pequeno'),
('DataMind', 'TI', 'Grande'),
('CloudWorks', 'TI', 'Médio'),
('InnovaCode', 'TI', 'Pequeno'),
('AlphaSoft', 'TI', 'Grande'),
('CyberBridge', 'TI', 'Médio'),
('SoftWave', 'TI', 'Pequeno'),
('NextTech', 'TI', 'Grande'),
('InfoSphere', 'TI', 'Médio'),
('TechByte', 'TI', 'Pequeno'),
('PixelNova', 'TI', 'Grande'),
('DataSphere', 'TI', 'Médio'),
('NeoCore', 'TI', 'Pequeno'),
('CodeNova', 'TI', 'Grande'),
('CloudMind', 'TI', 'Médio'),
('InnovaWave', 'TI', 'Pequeno'),
('SkyCore', 'TI', 'Grande'),
('SoftMind', 'TI', 'Médio'),
('TechBridgePro', 'TI', 'Pequeno'),
('AlphaWave', 'TI', 'Grande'),
('DataLabs', 'TI', 'Médio'),
('BlueCore', 'TI', 'Pequeno'),
('NextBridge', 'TI', 'Grande'),
('CyberNova', 'TI', 'Médio'),
('SoftDynamics', 'TI', 'Pequeno'),
('PixelLabs', 'TI', 'Grande'),
('CloudByte', 'TI', 'Médio'),
('InnovaSphere', 'TI', 'Pequeno'),
('NeoWave', 'TI', 'Grande'),
('TechLabs', 'TI', 'Médio'),
('DataBridge', 'TI', 'Pequeno'),
('SkyNova', 'TI', 'Grande'),
('AlphaMind', 'TI', 'Médio'),
('CodeBridge', 'TI', 'Pequeno');

-- Inserções na tabela Função
INSERT INTO Funcao (nome_funcao) VALUES
('Analista de Dados'),
('Cientista de Dados'),
('Engenheiro de Dados'),
('Desenvolvedor Backend'),
('Desenvolvedor Frontend'),
('Desenvolvedor Full Stack'),
('Engenheiro de Software'),
('Administrador de Banco de Dados'),
('DevOps'),
('UX/UI Designer');

-- Inserções na tabela Habilidade
INSERT INTO Habilidade (nome_habilidade) VALUES
('Python'),
('Java'),
('HTML, CSS e JavaScript'),
('Visual Studio Code'),
('Jupyter Notebook'),
('Anaconda'),
('Eclipse'),
('NetBeans'),
('Git'),
('GitHub'),
('AWS'),
('Azure'),
('Google Cloud Platform'),
('SQL'),
('Excel'),
('Tableau'),
('Power BI'),
('Figma'),
('Photoshop');

-- Inserções na tabela Localização
INSERT INTO Localizacao (cidade, estado, pais) VALUES
('Campinas', 'SP', 'Brasil'),
('São José dos Campos', 'SP', 'Brasil'),
('Santos', 'SP', 'Brasil'),
('Sorocaba', 'SP', 'Brasil'),
('Ribeirão Preto', 'SP', 'Brasil'),
('São Bernardo do Campo', 'SP', 'Brasil'),
('São Caetano do Sul', 'SP', 'Brasil'),
('Barueri', 'SP', 'Brasil'),
('Jundiaí', 'SP', 'Brasil'),
('Osasco', 'SP', 'Brasil'),
('Bauru', 'SP', 'Brasil'),
('Piracicaba', 'SP', 'Brasil'),
('Niterói', 'RJ', 'Brasil'),
('Duque de Caxias', 'RJ', 'Brasil'),
('Volta Redonda', 'RJ', 'Brasil'),
('Belo Horizonte', 'MG', 'Brasil'),
('Contagem', 'MG', 'Brasil'),
('Uberlândia', 'MG', 'Brasil'),
('Betim', 'MG', 'Brasil'),
('Ribeirão das Neves', 'MG', 'Brasil'),
('Sete Lagoas', 'MG', 'Brasil'),
('Cachoeiro de Itapemirim', 'ES', 'Brasil'),
('Vila Velha', 'ES', 'Brasil'),
('Serra', 'ES', 'Brasil'),
('Cariacica', 'ES', 'Brasil');

-- Inserções na tabela Níveis de experiência
INSERT INTO Niveis (nome_nivel) VALUES
('Avançado'),
('Intermediário'),
('Básico');

-- Inserções na tabela Modalidade
INSERT INTO Modalidade(nome_modalidade) VALUES
('Presencial'),
('Remoto');

-- Insersões na tabela Vaga
INSERT INTO Vaga (titulo_vaga, id_empresa, id_funcao, id_localizacao, id_modalidade, nivel_experiencia, tipo_contrato, salario, data_postagem) 
VALUES
('Analista de Dados Jr', 1,1,1,2,'Básico','CLT',3400,'2025-09-01'),
('Desenvolvedor Backend Pl', 4,4,2,1,'Intermediário','CLT',7200,'2025-09-02'),
('Cientista de Dados Sr', 2,2,16,2,'Avançado','PJ',12500,'2025-09-03'),
('UX/UI Designer Jr', 7,10,5,1,'Básico','Estágio',3000,'2025-09-04'),
('DevOps Pl', 9,9,8,2,'Intermediário','CLT',9100,'2025-09-05'),
('Engenheiro de Software Sr', 5,7,3,1,'Avançado','CLT',11800,'2025-09-06'),
('Desenvolvedor Frontend Jr', 6,5,4,2,'Básico','Estágio',3200,'2025-09-07'),
('Engenheiro de Dados Pl', 8,3,18,1,'Intermediário','CLT',8400,'2025-09-08'),
('Administrador de Banco de Dados Sr', 3,8,14,2,'Avançado','PJ',10800,'2025-09-09'),
('Desenvolvedor Full Stack Pl', 4,6,6,1,'Intermediário','CLT',7600,'2025-09-10'),
('Analista de Dados Pl', 5,1,11,1,'Intermediário','CLT',6700,'2025-09-11'),
('DevOps Sr', 6,9,20,2,'Avançado','CLT',11500,'2025-09-12'),
('Desenvolvedor Backend Jr', 2,4,10,1,'Básico','CLT',4100,'2025-09-13'),
('Cientista de Dados Pl', 9,2,17,2,'Intermediário','PJ',7700,'2025-09-14'),
('Engenheiro de Software Pl', 10,7,7,1,'Intermediário','CLT',8300,'2025-09-15'),
('UX/UI Designer Pl', 8,10,23,2,'Intermediário','CLT',6900,'2025-09-16'),
('Desenvolvedor Frontend Pl', 7,5,5,1,'Intermediário','CLT',6100,'2025-09-17'),
('Analista de Dados Sr', 3,1,16,2,'Avançado','CLT',9800,'2025-09-18'),
('Engenheiro de Dados Sr', 4,3,19,1,'Avançado','PJ',13200,'2025-09-19'),
('DevOps Jr', 11,9,21,1,'Básico','CLT',4300,'2025-09-20'),
('Desenvolvedor Backend Sr', 5,4,8,2,'Avançado','CLT',10800,'2025-09-21'),
('Desenvolvedor Full Stack Sr', 6,6,12,2,'Avançado','CLT',11100,'2025-09-22'),
('Administrador de Banco de Dados Pl', 7,8,15,1,'Intermediário','CLT',8600,'2025-09-23'),
('Engenheiro de Software Jr', 9,7,3,2,'Básico','CLT',4800,'2025-09-24'),
('Cientista de Dados Jr', 10,2,18,1,'Básico','CLT',4500,'2025-09-25'),
('Desenvolvedor Frontend Sr', 4,5,6,2,'Avançado','PJ',9000,'2025-09-26'),
('Analista de Dados Jr', 6,1,9,1,'Básico','CLT',3600,'2025-09-27'),
('Engenheiro de Dados Jr', 8,3,20,2,'Básico','CLT',5200,'2025-09-28'),
('DevOps Pl', 2,9,22,1,'Intermediário','CLT',9100,'2025-09-29'),
('UX/UI Designer Jr', 3,10,21,1,'Básico','Estágio',3100,'2025-09-30'),
('Desenvolvedor Backend Pl', 7,4,7,2,'Intermediário','CLT',7100,'2025-10-01'),
('Engenheiro de Software Sr', 5,7,2,1,'Avançado','CLT',12200,'2025-10-02'),
('Analista de Dados Pl', 1,1,1,2,'Intermediário','CLT',6600,'2025-10-03'),
('Desenvolvedor Full Stack Jr', 6,6,6,1,'Básico','CLT',4400,'2025-10-04'),
('Cientista de Dados Sr', 8,2,16,2,'Avançado','PJ',12900,'2025-10-05'),
('DevOps Sr', 9,9,17,1,'Avançado','CLT',11800,'2025-10-06'),
('Desenvolvedor Frontend Jr', 3,5,4,2,'Básico','Estágio',3200,'2025-10-07'),
('Administrador de Banco de Dados Sr', 2,8,14,2,'Avançado','CLT',10200,'2025-10-08'),
('Engenheiro de Dados Pl', 10,3,18,1,'Intermediário','CLT',8800,'2025-10-09'),
('UX/UI Designer Pl', 7,10,23,2,'Intermediário','CLT',7000,'2025-10-10'),
('Desenvolvedor Backend Jr', 4,4,10,1,'Básico','CLT',4200,'2025-10-11'),
('Analista de Dados Sr', 5,1,11,2,'Avançado','CLT',9600,'2025-10-12'),
('Cientista de Dados Pl', 6,2,19,1,'Intermediário','CLT',7600,'2025-10-13'),
('DevOps Jr', 8,9,20,2,'Básico','CLT',4300,'2025-10-14'),
('Engenheiro de Software Pl', 9,7,3,1,'Intermediário','CLT',8200,'2025-10-15'),
('Desenvolvedor Frontend Pl', 10,5,5,2,'Intermediário','CLT',6200,'2025-10-16'),
('Administrador de Banco de Dados Pl', 1,8,15,1,'Intermediário','CLT',8500,'2025-10-17'),
('Engenheiro de Dados Sr', 2,3,18,2,'Avançado','CLT',13100,'2025-10-18'),
('Desenvolvedor Full Stack Pl', 3,6,12,1,'Intermediário','CLT',7700,'2025-10-19'),
('UX/UI Designer Jr', 4,10,22,2,'Básico','Estágio',3000,'2025-10-20'),
('Analista de Dados Jr', 5,1,1,1,'Básico','CLT',3500,'2025-10-21'),
('DevOps Sr', 6,9,21,2,'Avançado','PJ',12000,'2025-10-22'),
('Desenvolvedor Backend Sr', 7,4,8,1,'Avançado','CLT',10900,'2025-10-23'),
('Cientista de Dados Sr', 8,2,17,2,'Avançado','PJ',13000,'2025-10-24'),
('Engenheiro de Software Jr', 9,7,2,1,'Básico','CLT',4900,'2025-10-25'),
('Administrador de Banco de Dados Jr', 10,8,14,2,'Básico','CLT',4700,'2025-10-26'),
('Desenvolvedor Frontend Sr', 2,5,6,1,'Avançado','CLT',8900,'2025-10-27'),
('Engenheiro de Dados Jr', 3,3,19,2,'Básico','CLT',5200,'2025-10-28'),
('Analista de Dados Pl', 4,1,9,1,'Intermediário','CLT',6800,'2025-10-29'),
('UX/UI Designer Pl', 5,10,23,2,'Intermediário','CLT',7100,'2025-10-30'),
('DevOps Pl', 6,9,20,1,'Intermediário','CLT',9000,'2025-10-31'),
('Desenvolvedor Full Stack Sr', 7,6,12,2,'Avançado','PJ',11300,'2025-11-01'),
('Engenheiro de Software Sr', 8,7,3,1,'Avançado','CLT',12100,'2025-11-02'),
('Cientista de Dados Jr', 9,2,16,2,'Básico','CLT',4600,'2025-11-03'),
('Administrador de Banco de Dados Sr', 1,8,15,1,'Avançado','CLT',10300,'2025-11-04'),
('Desenvolvedor Backend Pl', 2,4,7,2,'Intermediário','CLT',7300,'2025-11-05'),
('Engenheiro de Dados Pl', 3,3,18,1,'Intermediário','CLT',8700,'2025-11-06'),
('Analista de Dados Sr', 4,1,11,2,'Avançado','PJ',9700,'2025-11-07'),
('UX/UI Designer Jr', 5,10,21,1,'Básico','Estágio',3100,'2025-11-08'),
('DevOps Sr', 6,9,22,2,'Avançado','CLT',11900,'2025-11-09'),
('Desenvolvedor Frontend Jr', 7,5,4,1,'Básico','Estágio',3300,'2025-11-10'),
('Engenheiro de Software Pl', 8,7,2,2,'Intermediário','CLT',8400,'2025-11-11'),
('Cientista de Dados Pl', 9,2,17,1,'Intermediário','CLT',7800,'2025-11-12'),
('Administrador de Banco de Dados Pl', 10,8,14,2,'Intermediário','CLT',8600,'2025-11-13'),
('Desenvolvedor Backend Jr', 1,4,10,1,'Básico','CLT',4000,'2025-11-14'),
('Engenheiro de Dados Sr', 2,3,19,2,'Avançado','PJ',13400,'2025-11-15'),
('Analista de Dados Pl', 3,1,1,1,'Intermediário','CLT',6900,'2025-11-16'),
('DevOps Jr', 4,9,21,2,'Básico','CLT',4200,'2025-11-17'),
('Desenvolvedor Full Stack Pl', 5,6,13,1,'Intermediário','CLT',7600,'2025-11-18'),
('UX/UI Designer Sr', 6,10,23,2,'Avançado','PJ',9300,'2025-11-19'),
('Analista de Dados Jr',8,1,3,2,'Básico','CLT',3800,'2025-10-05'),
('Engenheiro de Software Sr',12,7,1,2,'Avançado','PJ',12500,'2025-10-06'),
('Desenvolvedor Frontend Pl',5,5,7,1,'Intermediário','CLT',6200,'2025-10-07'),
('Cientista de Dados Jr',9,2,4,2,'Básico','CLT',4600,'2025-10-08'),
('DevOps Engineer Pl',14,9,2,2,'Intermediário','CLT',9100,'2025-10-09'),
('Engenheiro de Dados Sr',18,3,6,2,'Avançado','PJ',13200,'2025-10-10'),
('Desenvolvedor Backend Jr',2,4,9,1,'Básico','CLT',4200,'2025-10-11'),
('UX/UI Designer Jr',20,10,3,1,'Básico','CLT',3500,'2025-10-12'),
('Administrador de Banco de Dados Pl',17,8,8,2,'Intermediário','CLT',8700,'2025-10-13'),
('Desenvolvedor Full Stack Pl',6,6,5,2,'Intermediário','CLT',7600,'2025-10-14'),
('Analista de Dados Sr',3,1,1,2,'Avançado','CLT',9800,'2025-10-15'),
('Cientista de Dados Pl',10,2,4,2,'Intermediário','CLT',7500,'2025-10-16'),
('Engenheiro de Dados Jr',15,3,6,1,'Básico','CLT',5200,'2025-10-17'),
('Desenvolvedor Backend Sr',7,4,2,2,'Avançado','PJ',11000,'2025-10-18'),
('Desenvolvedor Frontend Jr',13,5,9,1,'Básico','CLT',4000,'2025-10-19'),
('Engenheiro de Software Pl',4,7,3,2,'Intermediário','CLT',8800,'2025-10-20'),
('DevOps Engineer Sr',11,9,7,2,'Avançado','PJ',12000,'2025-10-21'),
('Administrador de Banco de Dados Jr',19,8,5,1,'Básico','CLT',4800,'2025-10-22'),
('Desenvolvedor Full Stack Sr',1,6,8,2,'Avançado','CLT',11500,'2025-10-23'),
('UX/UI Designer Pl',16,10,4,2,'Intermediário','CLT',5400,'2025-10-24');

-- Inserções na tabela Vaga_Habilidade
INSERT INTO Vaga_Habilidade (id_vaga,id_habilidade,id_nivel) VALUES
(1,1,3),(1,14,3),(1,17,2),
(2,2,2),(2,9,2),(2,10,2),
(3,1,1),(3,5,1),(3,14,1),
(4,18,3),(4,19,3),
(5,11,2),(5,12,2),(5,9,2),
(6,2,1),(6,9,1),(6,10,1),
(7,3,3),(7,9,3),(7,4,2),
(8,1,2),(8,14,2),(8,11,2),
(9,14,1),(9,11,1),
(10,2,2),(10,3,2),(10,9,2),
(11,1,2),(11,14,2),(11,15,2),
(12,11,1),(12,12,1),(12,9,1),
(13,2,3),(13,9,3),(13,10,3),
(14,1,2),(14,5,2),(14,6,2),
(15,2,2),(15,9,2),(15,10,2),
(16,18,2),(16,19,2),
(17,3,2),(17,9,2),(17,4,2),
(18,1,1),(18,14,1),(18,17,1),
(19,1,1),(19,14,1),(19,11,1),
(20,11,3),(20,12,3),(20,9,3),
(21,2,1),(21,9,1),(21,10,1),
(22,2,1),(22,3,1),(22,9,1),
(23,14,2),(23,11,2),
(24,2,3),(24,9,3),(24,10,3),
(25,1,3),(25,5,3),(25,14,3),
(26,3,1),(26,9,1),(26,4,1),
(27,1,3),(27,14,3),(27,17,3),
(28,1,3),(28,14,3),(28,11,3),
(29,11,2),(29,12,2),(29,9,2),
(30,18,3),(30,19,3),
(31,2,2),(31,9,2),(31,10,2),
(32,2,1),(32,9,1),(32,10,1),
(33,1,2),(33,14,2),(33,17,2),
(34,2,3),(34,3,3),(34,9,3),
(35,1,1),(35,5,1),(35,14,1),
(36,11,1),(36,12,1),(36,9,1),
(37,3,3),(37,9,3),(37,4,3),
(38,14,1),(38,11,1),
(39,1,2),(39,14,2),(39,11,2),
(40,18,2),(40,19,2),
(41,2,3),(41,9,3),(41,10,3),
(42,1,1),(42,14,1),(42,17,1),
(43,1,2),(43,5,2),(43,14,2),
(44,11,3),(44,12,3),(44,9,3),
(45,2,2),(45,9,2),(45,10,2),
(46,3,2),(46,9,2),(46,4,2),
(47,14,2),(47,11,2),
(48,1,1),(48,14,1),(48,11,1),
(49,2,2),(49,3,2),(49,9,2),
(50,18,3),(50,19,3),
(51,1,3),(51,14,3),(51,15,3),
(52,11,1),(52,12,1),(52,9,1),
(53,2,1),(53,9,1),(53,10,1),
(54,1,1),(54,5,1),(54,14,1),
(55,2,3),(55,9,3),(55,10,3),
(56,14,3),(56,11,3),
(57,3,1),(57,9,1),(57,4,1),
(58,1,3),(58,14,3),(58,11,3),
(59,1,2),(59,14,2),(59,17,2),
(60,18,2),(60,19,2),
(61,11,2),(61,12,2),(61,9,2),
(62,2,1),(62,3,1),(62,9,1),
(63,2,1),(63,9,1),(63,10,1),
(64,1,3),(64,5,3),(64,14,3),
(65,14,1),(65,11,1),
(66,2,2),(66,3,2),(66,9,2),
(67,1,2),(67,14,2),(67,11,2),
(68,1,1),(68,5,1),(68,14,1),
(69,18,3),(69,19,3),
(70,11,1),(70,12,1),(70,9,1),
(71,3,3),(71,9,3),(71,4,3),
(72,2,2),(72,9,2),(72,10,2),
(73,1,2),(73,5,2),(73,14,2),
(74,14,2),(74,11,2),
(75,2,3),(75,9,3),(75,10,3),
(76,1,1),(76,14,1),(76,11,1),
(77,1,2),(77,14,2),(77,17,2),
(78,11,3),(78,12,3),(78,9,3),
(79,2,2),(79,3,2),(79,9,2),
(80,18,1),(80,19,1),
(81,1,3),(81,14,3),(81,15,3),
(82,2,1),(82,9,1),(82,10,1),
(83,3,2),(83,9,2),(83,4,2),
(84,1,3),(84,5,3),(84,14,3),
(85,11,2),(85,12,2),(85,9,2),
(86,1,3),(86,14,3),(86,11,3),
(87,2,1),(87,9,1),(87,10,1),
(88,18,2),(88,19,2),
(89,14,2),(89,11,2),
(90,2,2),(90,3,2),(90,9,2),
(91,1,1),(91,14,1),(91,17,1),
(92,1,2),(92,5,2),(92,6,2),
(93,1,3),(93,14,3),(93,11,3),
(94,2,1),(94,9,1),(94,10,1),
(95,3,2),(95,9,2),(95,4,2),
(96,2,2),(96,9,2),(96,10,2),
(97,11,3),(97,12,3),(97,9,3),
(98,14,1),(98,11,1),
(99,2,2),(99,3,2),(99,9,2),
(100,18,2),(100,19,2);